Onsite-Prepare for work and commute,On site-Work time,Onsite-Domestic responsibilities,Onsite-Personal and family time,Onsite-Sleep,Remote-Preparing for work and commuting,Remote - Working time,Remote-Domestic responsibilities,Remote-Personal and family time,Remote-Sleep,Remote work with salary cuts
2,6,1,7,8,0,8,1,7,8,No
1.5,8,2,6,6.5,0,10,4,4,6,No
3,8,1,4,8,1,8,2,5,8,Yes
1,8,6,3,6,1,8,4,4,7,No
5,8,2,3,6,50,9,3,4,8,No
3,8,2,3,8,2,8,4,2,8,No
2,8,3,3,8,1,8,3,4,8,No
1.5,8.5,0.5,5.5,8,0.5,9,0.5,5,9,No
1,8,5,2,8,1,7,5,3,8,Yes
1.5,8,0,7.5,7,0.5,8,0,8.5,7,No
2,8,2,4,8,0,8,4,4,8,No
1,8,3,4,8,1,8,3,4,8,No
3,8,2,3,8,0,12,2,2,8,No
2.5,8,2,3.5,8,0,8,3,4,9,No
1,11,2,1,9,0,12,2,2,8,No
3,8,3,2,8,2,8,3,3,8,No
5,5,5,5,4,5,5,5,5,4,No
3,8,3,3,7,1,8,4,3,8,Yes
3,8,3,2,8,1,8,4,3,8,Yes
2.5,8,3,2.5,8,0.5,8,3,4.5,8,No
8,2,1,5,8,2,10,8,2,2,Yes
1,2,5,8,8,1,8,4,3,8,No
2,8,3,3,8,0,8,5,3,8,Yes
1,4,6,6,7,0,4,8,4,8,Yes
2,8,4,4,6,1,8,3,4,8,Yes
1,4,0,11,8,1,4,0,11,8,No
1,8,4,3,8,1,8,4,3,8,No
1,8,3,5,7,2,8,3,3,8,Yes
2,8,2,4,8,2,8,2,6,6,Yes
3.5,7.5,1,2,10,0,9,3,2,10,Yes
1,6,4,6,7,1,7,4.5,4.5,7,No
2,8,1,4,9,1,8,1,6,8,No
2,8,4,2,8,2,8,3,3,8,Yes
2,7,2,6,7,0,9,2,6,7,No
1.5,8,1,6.5,7,0.5,6,1,9.5,7,No
1.5,8.5,2,4,8,0,8.5,2,5.5,8,No
3,8,1,4,8,0,10,1,5,8,No
2,7,4,3,8,2,7,3,4,8,No
2.5,8.5,2,3.5,7.5,0,8.5,2.5,5,8,No
16,3,3,1,1,16,3,3,1,1,Yes
1,8,3,5,7,1,8,3,5,7,No
1,7,1,7,8,1,7,1,7,8,No
4,8,1,4,7,0,10,1.5,4.5,8,No
2,8,2,6,6,1,8,3,4,8,No
0.25,8,2,5,8.75,0,8,3,5,8,No
2,10,2,2,8,0.5,10,2,4,7.5,No
3,9,1,3,8,1,11,1,3,8,No
2,8,3,3,8,3,8,3,2,8,No
2,8,5,3,6,0,10,5,3,6,No
3,7,3,3,8,1,8,4,4,7,No
2,10,2,3,7,1,12,2,4,5,No
10,2,2,2,8,8,2,2,4,8,No
2,8,3,4,7,0,9,4,4,7,No
0,9,4,4,7,0,9,4,4,7,Yes
2,8,3,3,8,2,8,2,4,8,Yes
2,8,2,4,8,0,9,3,4,8,No
3,7,4,3,7,3,7,3,4,7,Yes
3,7,5,2,7,1,6,5,3,9,No
2,8,4,4,6,1,9,4,4,6,No
3,8,3,2,8,0,9,4,3,8,No
1,8,3,5,7,0,8,3,4,9,No
2,9,2,3,8,2,9,3,2,8,No
0,3,4,6,11,0,4,3,6,11,Yes
2,8,2,4,8,0.5,10,2,3.5,8,No
1.5,7.5,2,5,8,0,7.5,2,6.5,8,No
2,8,4,3,7,0.5,7,5,4.5,7,Yes
1,5,5,5,8,0,6,6,5,7,No
2.5,8,2,4,7.5,1.5,8,3,4,7.5,No
3,8,1,4,8,0.5,8,1.5,5,9,Yes
2,9,3,2,8,0.5,10.5,3,2,8,No
2,8,0,5,9,6,8,4,3,3,No
2.5,9,1.5,4,7,0,2,2,13,7,No
0,50,8,7,9,5,0,5,14,0,Yes
2,8,3,4,7,1,9,4,3,7,Yes
3.5,8,4,2.5,6,0.5,8.5,4,5,6,No
2.5,8,3,1,9.5,0,8,4,2,10,No
2,8,2,5,7,0.5,9,2.5,5,7,No
1,8,0,9,6,2,8,4,4,6,No
3,9,1,4,7,0.5,9,1.5,5,8,No
1,7,3,6,7,2,7,4,4,7,No
0,20,0,0,4,0,16,0,0,8,No
6,9,2,2,5,0,12,2,2,8,No
1,12,2,1,8,0.5,12,2,1.5,8,No
3,12,1,2,6,1.5,12,1,2.5,7,Yes
1,7,2,6,8,0,7,3,6,8,Yes
1,8.5,6,2,6.5,0,8,6,3,7,No
3,7,3,5,6,1,7,5,5,6,Yes
0.5,10,3,2,8.5,0,12,2,2,8,Yes
3,7,2,3,9,0,9,3,3,9,No
1,6,5,6,6,1,6,5,6,6,No
1,12,4,0,7,0,8,8,0,8,No
5,5,5,9,50,2,10,2,2,8,Yes
2,8,1,7,6,0,8,1,8,7,No
4,4,5,6,5,4,4,5,5,6,Yes
0,10,2,4,8,0,10,3,3,8,No
1,8,3,4,8,0,8,4,4,8,No
5,6,2,5,6,5,6,7,3,3,No
1.5,7,1.5,6,8,0,6,4,6,8,Yes
1,9,3,3,8,2,10,2,1,9,No
6,4,4,4,6,2.5,2.5,5,6,8,No
2,6,5,3,8,3,6,5,3,7,No
2,6,2,6,8,4,8,2,4,6,Yes
1,8,3,3,9,0,6,4,4,10,Yes
2,8,2,4,8,2,8,2,6,6,Yes
2,8,3,5,6,0,6,4,7,7,Yes
6,7,3,3,5,2,8,4,5,5,Yes
6,6,4,2,6,6,6,4,2,6,Yes
3,7,50,6,8,50,7,50,9,8,No
1,8,3,4,8,0,9,3,4,8,No
1.5,8,4,3,7.5,0.5,8,4,4,7.5,No
3,6,3,5,7,2,6,6,4,6,No
4,8,2,2,8,4,8,2,2,8,No
1,8,4,2,9,1,8,4,2,9,No
2,8,4,4,6,0.5,8,4,4,7.5,No
4,9,2,3,6,0,10,3,3,8,No
6,4,6,4,4,9,7,2,4,2,Yes
1,8,4,4,7,1,8,4,4,7,No
2,7,0,8,7,0,7,0,7,10,No
4,4,5,5,6,5,5,4,4,6,Yes
1,8,3,4,8,0.3,8,3.7,5,7,Yes
1,8,4,5,6,0,8,5,5,6,No
5,9,2,2,6,0,10,4,3,7,Yes
2,7,3,4,8,0.5,9,2,4.5,8,No
2,8,2,2,10,2,8,2,4,8,Yes
1,2,5,8,8,1,8,4,3,8,No
2,7.5,4,4.5,6,2,7.5,4,4.5,6,No
3,8,1,4,8,1,8,2,5,8,Yes
2,5,5,5,7,5,5,5,5,4,No
2,8,3,3,8,2,2,4,8,8,Yes
3,8,3,2,8,0,7.5,3.5,4,9,Yes
1,9,50,6,8,1,8,1,6,8,No
2,7.5,3,4,7.5,0,8.5,3,5,7.5,No
2,8,50,5,9,0,8,50,6,10,No
3,8,3,2,8,0,8,3,5,8,Yes
1.5,8.5,1,5,8,1,8,1,6,8,No
1,10.5,3,1.5,8,0.5,8.5,3,3,9,No
5,8,2,1,8,5,8,2,1,8,Yes
3,8,3,2,8,0.5,8,5,3,7.5,No
2,7.5,3.5,3,8,0,7.5,3.5,5,8,No
2,6,2,4,10,3,6,2,3,10,No
1,5,2,8,8,8,3,2,3,8,Yes
4,7,2,3,8,0.5,8,2,5.5,8,No
3,7,7,50,7,1,7,7,50,9,Yes
1.5,5,2,5.5,10,0,5,7,2,10,No
1,8,3,4,8,0.5,8.5,4,3,8,No
2,8,4,3,7,0.5,8,3,5.5,7,No
2,8,4,4,6,0.5,8,2.5,5,8,Yes
2,8,1,5,8,1,8,1,6,8,No
2,8,2,4,8,0,8,3,5,8,No
2,8,5,1,8,0,8,5,3,8,Yes
2,8,4,2,8,2,8,4,3,7,No
1,5,4,4,10,1,6,3,4,10,No
3,8,2,3,8,0,10,4,2,8,Yes
4,6,4,2,8,6,8,2,4,4,Yes
3,8,1,3,9,0.5,8,1.5,5,9,No
4,5,6,3,6,3,10,6,3,2,Yes
8,4,3,4,5,5,4,5,7,3,Yes
0.25,10,2.5,3.5,7.7,0,10,2.5,2.5,9,No
2,8,3,2,9,0,6,5,4,9,No
1,8,3,5,7,0,8,3,4,9,No
2,7,1,5,9,0,5,1,11,7,No
2,8,3,2,9,0.5,8,3,3.5,9,No
5,10,5,2,2,10,4,5,5,0,Yes
2,8,2,4,8,0,8,4,4,8,No
2.5,10,1.5,2,8,0.5,11,1.5,3,8,No
2,6,0,2,14,2,7,2,7,6,No
2,10,2,3,7,0,10,2,5,7,Yes
1.5,8,2,3.5,9,0,6,5,3,10,No
1,8,3,3,9,0.5,8,4,4,7.5,Yes
2,8,0,7,7,0,8,0,9,7,No
4,8,2,3,7,0,9,3,4,8,No
1,9,2,4,8,0.5,9.5,2,4,8,No
3.5,10,2,1.5,7,0,9,2,6,7,Yes
1,7.5,50,6.5,9,0,9,50,6,9,No
3,12,1,1,7,2,12,1,2,7,Yes
3,6,6,1,8,1,5,5,5,8,No
2,8,3,5,6,2,8,2,5,7,No
2,8,7,6,1,2,8,2,2,10,No
2,8,3,3,8,1,8,3,4,8,No
1,8,3,4,8,0,10,2,4,8,No
3,7.5,3.5,2,8,0.5,8,4,3.5,8,Yes
1,8.5,6,2,6.5,0,8,6,3,7,No
2,8,5,3,6,1,9,5,4,5,No
1,10,2,4,7,0.5,10,2.5,4,7,No
6,8,1,2,7,1,8,1,6,8,No
1,12,2,3,6,1,12,3,3,5,No
2.5,8,5.5,1,7,0.5,8,5.5,3,7,No
1.5,8,50,7,7.5,0.5,8,2,6,7.5,No
2,8,3,5,6,0.5,8,3,5,7.5,No
3,6,4,0,11,3,6,4,0,11,Yes
2,4,6,7,5,8,5,2,7,2,Yes
2,7.5,3.5,4,7,0.5,8,4.5,4,7,No
2,8,2,4,8,0,9,3,4,8,No
3,6,4,4,7,3,8,3,3,7,Yes
4,5,4,3,8,0,6,3,7,8,Yes
2,8,2,4,8,0,8,4,4,8,No
3,7,6,3,5,4,9,4,3,4,No
2,8,3,3,8,0,7,3,5,9,Yes
2,5,6,3,8,0,1,7,8,8,No
2,9,2,3,8,2,9,2,3,8,Yes
3,8,4,3,6,1,9,4,3,7,Yes
2,5,4,5,8,0.5,5,5,5.5,8,No
0,9,3,4,8,0,9,4,3,8,Yes
0,7,2,7,8,0,7,2,7,8,Yes
1,7,3,6,7,0,7,3,6,8,No
2,8,2,4,8,3,8,3,2,8,Yes
0,8,0,4,12,0,8,1,3,12,Yes
2,4,1,5,12,1,8,2,4,9,Yes
20,50,50,50,4,20,50,50,50,4,No
4,3,3,3,11,4,4,4,4,8,Yes
3,8,2,3,8,0,10,4,4,6,No
2,8,1,6,7,1,6,3,6,8,No
3.5,8,2,2.5,8,0.5,8.5,3,4,8,Yes
1,5,2,8,8,1,5,2,8,8,No
2.5,8,1.5,4,8,0.5,9,1.5,5,8,No
5,8,0.5,2.5,8,0.5,9,1,5.5,8,Yes
2,7,3,4,8,0,7,4,5,8,No
3,7,6,5,3,3,6,5,7,3,No
2,8,3,3,8,4,8,2,4,6,Yes
2,8,4,2,8,0,11,3,2,8,No
2,8,2,4,8,0,8,3,4,9,Yes
3,9,2,3,7,0.5,9,2,5.5,7,No
1,8,4,6,5,2,7,3,6,6,No
2,8.5,1,5,7.5,0,8.5,1,7,7.5,No
8,2,2,6,6,2,9,3,4,6,Yes
0.5,4,3,6.5,10,0,4,3,7,10,No
2,6,4,4,8,0,6,4,6,8,No
3,8,3,2,8,0,8,3,5,8,Yes
1,9,50,5,9,2,8,1,3,10,Yes
5,5,5,5,4,5,5,5,5,4,No
2,10,3,3,6,0.5,6,5,4,8.5,No
1,7,3,5,8,1,7,3,5,8,Yes
2,7,3,5,7,2,7,5,3,7,Yes
2.5,9,2.5,3,7,0.5,8,2,5.5,8,Yes
10,3,11,50,50,3,2,12,5,2,Yes
1,6,5,4,8,1,5,4,5,9,Yes
2,9,2,3,8,0,12,2,2,8,No
3,8,2,3,8,1,10,3,3,7,No
1,14,2,2,5,1,6,7,4,6,Yes
3,3,5,4,9,50,8,50,7,9,Yes
6,2,4,4,8,8,2,2,3,9,Yes
1,9,5,3,6,1,9,4,3,7,Yes
2,8,4,2,8,2,8,4,2,8,Yes
1,12,4,0,7,0,15,3,0,6,No
1,8,5,2,8,1,8,5,3,7,No
2,8,4,2,8,2,8,4,2,8,Yes
2,8,2,4,8,1,8,3,4,8,No
1,8,3,4,8,0,8,4,4,8,No
1,8,3,4,8,0,8,4,4,8,Yes
2,8,1,5,8,0,8,2,5,9,No
1,8,4,3,8,1,8,4,3,8,No
3,9,2,3,7,0.5,10,3,4,6.5,Yes
4,5,5,5,5,5,5,5,5,4,Yes
1,8,5,2,8,1,7,6,2,8,No
0,8,5,4,7,0,8,5,4,7,No
2,6,4,6,6,1,7,4,6,6,No
2,8,3,4,7,0,8,4,4,8,Yes
7,6,3,2,6,1,8,7,2,6,No
3,9,2,3,7,1,10,3,3,7,No
4,1,3,8,8,4,8,8,2,2,Yes
2,8,2,4,8,0,7,4,5,8,No
2,8,2,4,8,0,8,4,4,8,No
3,12,0,5,4,3,12,0,5,4,No
1,5,3,7,8,1,5,3,7,8,No
3,7,3,3,8,0,10,3,3,8,No
1.5,7.5,4,4,7,0,7,5,5,7,No
2,10,2,4,6,2,10,5,0,7,Yes
3,8,3,3,7,1,10,3,3,7,No
1,8,0.5,6.5,8,0.5,8,2.5,5,8,No
1,7,3,5,8,1,8,2,5,8,Yes
4,10,2,4,4,6,6,2,4,6,Yes
2,5,2,5,10,2,8,3,3,8,Yes
2,8,2,4,8,0,8,2,6,8,No
1,9,4,6,4,1,9,6,4,4,No
1.5,8,2.5,4,8,0,9,3,4,8,Yes
2,6,4,5,7,50,7,5,5,7,Yes
1,9,6,1,7,0,9,6,2,7,No
6,7,1,5,5,6,6,4,2,6,No
1,10,1,3,9,0,8,2,6,8,No
3,8,5,2,6,2,10,5,2,5,No
2,8,3,4,7,0.5,9,1.5,5,8,No
4,7.5,3.5,2,7,0.5,7.5,3.5,3.5,9,Yes
1,9,2,5,7,1,8,3,5,7,No
2,9,2,3,8,1,9,3,3,8,No
2,7.5,4,4,6.5,0.5,8,5,3.5,7,No
1.5,10,2,3.5,7,0,10,2,5,7,No
1.5,7.6,2.8999,4,8,50,9,3,4,8,No
3,8,1,2,10,0,10,2,2,10,No
1,7,1,8,7,0,7,5,5,7,No
1,8,3,6,6,2,8,2,6,6,No
4,7.5,1.5,3,8,0,7.5,1.5,5,10,Yes
2.5,9,2.5,2.5,7.5,0,9.5,2.5,4.5,7.5,No
2,9,0,5,8,2,9,0,5,8,No
1.5,10,1,3,8.5,0,11,2,2,9,No
3,10,2,2,7,0,12,2,2,8,No
2,9,2,3,8,0.5,9.5,2,4,8,No
3,8,3,2,8,1,9,3,3,8,No
3,8,3.5,4,5.5,0,9,4,5,6,Yes
2,7,3,4,8,0,9,4,3,8,No
10,2,8,2,2,10,6,2,4,2,Yes
2.5,7.5,3,4,7,0,8,4,4,8,Yes
5,8,2,2,7,0,10,3,3,8,No
2,8,1,5,8,0,8,2,6,8,No
4,7.5,2,3.5,7,0.5,8,2,6.5,7,No
1,7,7,2,7,0.5,9,5.5,2,7,No
2.5,8,2,3.5,8,0.5,9,2,4.5,8,No
2,9,2,3,8,0.5,9.5,3,2,9,Yes
2,8,2,5,7,0,9,2,6,7,No
2,8,2,6,6,0,10,2,6,6,No
2,11,3,2,6,1,11,2,4,6,Yes
1,9,3,3,8,0,8,4,4,8,Yes
0.25,8,2.75,7,6,0.25,6,3.75,8,6,No
2,5,3,6,8,4,3,5,5,7,Yes
2,10,1,3,8,1,8,3,4,8,No
1.5,8,2.5,4,8,0,8,4,4,8,Yes
6,8,1,3,6,7,8,1,2,6,Yes
0.5,8,3,5,7.5,0,8,3,6,7,No
6,6,2,2,8,4,8,3,2,7,No
4,4,4,6,6,6,6,6,6,0,No
1.5,8,2,3.5,9,0,8,3,4,9,No
1,7.5,3,5.5,7,0,8,3,6,7,Yes
2,6,4,4,8,2,7,5,3,7,No
10,4,3,1,6,10,3,2,2,7,Yes
0.5,9,3.5,5,6,0.5,7,2.5,8,6,Yes
3,6,4,5,6,3,6,4,5,6,Yes
2,8,4,2,8,1,8,2.5,2.5,10,Yes
4,5,2,4,9,5,5,2,4,8,Yes
1,8,2,5,8,4,8,2,2,8,Yes
1,2.5,4,8.5,8,0.2,2,0.2,13.6,8,Yes
0.5,6,5,5,7.5,1,6,5,4,8,Yes
2,8,3,2,9,5,9,1,1,8,Yes
0,10,0,7,7,0,10,0,7,7,Yes
4,4,4,8,4,1,8,3,6,6,No
3,8,4,2,7,3,7,3,2,9,Yes
4,8,5,2,5,4,8,7,3,2,No
1,6,1,6,10,0,6,3,7,8,Yes
1,9,1,5,8,0,9,1,6,8,No
2,4,6,7,5,2,6,2,7,7,Yes
0.5,8,6.5,2,7,0,8,3,4,9,No
0,8,2,4,10,0,9,2,3,10,No
1,8,2,5,8,0.5,7,2.5,6,8,No
3,8,3,2,8,0,6,2,8,8,No
2,10,2,3,7,0.5,10,1,4.5,8,No
2,8,3,3,8,1,8,3,4,8,No
3,8,6,0,7,1.5,8,6,1.5,7,Yes
2,8,4,2,8,0.5,6,5,4.5,8,Yes
1.5,8,3,4.5,7,2,6,2,6,8,No
1,8,2,5,8,0,8,1,6,9,No
2,6,1,8,7,0,10,1,6,7,No
3,8,2,3,8,3,8,3,2,8,Yes
2,10,1,3,8,2,10,2,2,8,No
1.5,7,3.5,4,8,1,8,4,3,8,No
2,7,4,4,7,2,7,4,4,7,Yes
1,8,1,4,10,1,8,3,4,8,No
6,8,4,4,2,6,8,4,3,3,Yes
1,2,5,8,8,1,8,4,3,8,No
2,7,2,5,8,3,6,2,7,6,Yes
2.5,9,3,3,6.5,0,10,3,4,7,No
1,9,0.5,5.5,8,0,9,1,6,8,No
2,8,3,4,7,1,9,4,3,7,No
2,6,5,5,6,4,4,8,4,4,No
4,4,4,4,8,4,4,4,4,8,Yes
1,8,5,2,8,1,8,5,2,8,No
2,9,1,6,6,0,10,2,4,8,No
2.5,9.5,2.5,2,7.5,0.5,10,3,3,7.5,No
0,10,4,5,5,0,18,2,2,2,Yes
3,10,1,4,6,0,10,2,6,6,No
4,5,3,4,8,50,5,3,8,8,Yes
1,9,50,5,9,2,8,1,3,10,No
10,4,10,50,50,4,10,50,10,50,Yes
2,8,6,2,6,1,8,5,4,6,No
1,8,3,5,7,2,8,3,3,8,No
2,8,2,4,8,0,8,2,6,8,No
2,8,5,3,6,0,8,3,5,8,No
2,8,4,4,6,0,9,3,5,7,No
1,6,6,3,8,1,8,4,3,8,No
1.5,8,0,7.5,7,0.5,8,0,8.5,7,No
3,9,2,2,8,3,10,1,2,8,No
3,7,2,4,8,1,7,3,5,8,Yes
3,6,3,4,8,1,7,4,4,8,No
2,8,2,6,6,0,8,2,6,8,Yes
3,8,3,2,8,0,8,2,5,9,No
1,11,2,2,8,0,12,2,2,8,Yes
5,9,1,1,8,0,10,3,2,9,No
4,4,4,6,6,3,5,3,6,7,Yes
3,3,10,3,5,3,2,3,5,11,No
4,8,2,3,7,0,10,4,4,6,Yes
2,9,2,3,8,1,10,2,3,8,No
2,9,50,5,8,0,9,50,7,8,No
0,10,1,5,8,0,10,1,5,8,No
2,7,4,4,7,0,6,8,3,7,No
2,6,6,2,8,1,8,5,2,8,No
1,7,3,6,7,0,7,3,7,7,No
2,8,2,4,8,2,8,2,4,8,No
3,8,2,3,8,0,8,3,5,8,Yes
2,9,3,3,7,0.5,10.5,3,3,7,No
1,8,5,4,6,0,10,5,3,6,No
4,2,10,2,6,2,12,2,2,6,No
0,8,3,5,8,0,8,3,5,8,No
0,10,4,4,6,2,10,3,4,5,No
2,8,4,4,6,2,8,2,4,8,No
2,11,3,3,5,0.5,9,4.5,4,6,No
1.5,8,2,4.5,8,0,8,2,6,8,Yes
3,7,3,4,7,1,7,4,5,7,Yes
4,8,2,4,6,4,8,2,4,6,Yes
4,7,4,1,8,2,10,3,2,7,No
2,11,2,2,7,0.5,11,2.5,3,7,No
5,4,5,5,5,5,4,5,5,5,Yes
3,8,2,3,8,50,10,3,3,8,No
2.5,9,2,2.5,8,1,10,3,2,8,No
1,8,3,4,8,0,8,4,4,8,No
2,8,2,2,10,1,8,2,3,10,Yes
2,9,3,3,7,2,9,3,3,7,No
2,8,1,3,10,3,8,2,3,8,Yes
2,11,3,2,6,0,9,3,6,6,No
1.5,8.5,3,3,8,0,8.5,4,3.5,8,No
0,10,2,2,10,0,8,2,1,13,Yes
2,11,1,3,7,0,12,1,3,8,No
1,8,4,3,8,0,8,4,4,8,No
1,8,0,8,7,1,8,0,8,7,No
2,7,3,4,8,1,9,2,4,8,No
1.5,7.5,1,4,10,1.5,8.5,2,2,10,No
2,8,3,3,8,2,8,3,3,8,No
7,8,2,2,5,6,9,2,2,5,Yes
1,7,3,5,8,0,8,3,5,8,No
1.5,7,3.5,4,8,0.5,7,4,4,8.5,No
3,20,50,1,50,2,2,50,20,50,No
3,9,3,3,6,0,10,3,3,8,No
3,10,5,3,3,3,6,3,5,7,Yes
2,7.5,2,4.5,8,0,7.5,2,6.5,8,No
3,8,2,4,7,0.5,8,3,5.5,7,No
8,3,3,2,8,6,3,3,5,7,No
0.5,6,1.5,6,10,0,6,1.5,6.5,10,No
3,9,3,3,6,1,10,3,3,7,Yes
1.5,7,1,5.5,9,0,7,2,6,9,No
3,8,5,1,7,0,9,3,4,8,No
5,6,5,5,3,5,1,5,5,8,Yes
5,5,3,5,6,5,5,3,5,6,Yes
2,8,3,3,8,0,10,4,2,8,No
2,8,2,5,7,1,8,5,3,7,Yes
0,7,4,3,10,0,7,4,3,10,No
9,4,4,3,4,3,4,5,5,7,Yes
2,7,2,6,7,50,7,3,6,8,Yes
2,10,4,2,6,2,10,3,4,5,No
2,8,3,3,8,1,8,3,4,8,No
2,8,4,2,8,1,8,4,4,7,Yes
3,6,4,4,7,1,6,6,4,7,No
1,8,3,4,8,1,7,2,5,9,Yes
2,8,3,5,6,0,10,3,5,6,Yes
3,5,3,5,8,5,4,4,7,4,Yes
1,8,3,5,7,0,5,5,7,7,No
2,8,50,6,8,1,8,50,7,8,No
10,1,2,10,1,50,50,50,24,50,Yes
1,7,4,4,8,1,7,3,3,10,No
2,8,2,5,7,0,8,2,7,7,Yes
0,8,6,3,7,0,8,4,5,7,Yes
1,9,2,4,8,0.5,9.5,2,4,8,No
4,8,3,1,8,0,8,4,4,8,Yes
1,6,4,6,7,1,7,4.5,4.5,7,No
0,8,5,4,7,0,8,5,4,7,No
1.5,8.5,5.5,2,6.5,0.5,8,5.5,3,7,No
1.5,9.5,3,6,4,0,12,2,4,6,No
2,8,2,4,8,0,8,2,6,8,Yes
4,8,1,4,7,1,10,1,4,8,Yes
5,5,5,5,4,2,2,2,4,14,Yes
2,8,4,3,7,0,8,4,4,8,Yes
1,8,4,4,7,0,8,4,5,7,No
0,7,5,4,8,0,7,3,6,8,No
1,8,3,4,8,1,8,3,4,8,No
1,9,2,3,9,0,9,4,3,8,No
2,8,2,4,8,1,8,4,4,7,Yes
0,8,4,4,8,0,8,4,4,8,No
2,9,4,2,7,0,10,3,4,7,No
1,7,7,1,8,0,7,7,2,8,No
5,5,5,5,4,5,5,5,5,4,Yes
3,7,3,4,7,0,8,4,4,8,Yes
8,8,2,2,4,1,8,3,3,9,No
3,6,4,4,7,1,7,4,5,7,No
1,8,1,7,7,0,8,1,8,7,Yes
3,8,2,3,8,1,8,2,5,8,No
1,7,5,3,8,7,1,5,3,8,No
6,4,5,6,3,8,9,2,3,2,Yes
4,8,3,1,8,2,8,4,2,8,No
4,4,4,4,8,4,4,4,4,8,Yes
3,9,2,2,8,0,10,3,3,8,No
4,8.5,2,2,7.5,0,8.5,2.5,5,8,Yes
2,7,3,3,9,0.5,7,3,5,8.5,No
1,11,2,3,7,1,12,2,4,5,Yes
1,8,8,1,6,1,8.5,5,1.5,8,Yes
5,3,1,5,10,4,5,1,4,10,No
3.5,7.6,2.4,3.5,7,0.5,8,2,6.5,7,No
6,10,2,2,4,4,12,2,2,4,No
1,8,1,7,7,0,8,1,8,7,Yes
4,8,2,2,8,0.5,9,2,4.5,8,No
0,20,4,0,0,5,5,5,5,4,No
2,8,3,4,7,0.5,8,3.5,5,7,No
2,7,3,4,8,2,7,4,4,7,No
1,7,4,4,8,0,7,4,5,8,No
4,9,2,2,7,1,10,2,3,8,Yes
1,7,2,5,9,0,7,3,5,9,No
1,7,4,4,8,1,7,4,4,8,No
0,8,3,3,10,0,8,3,3,10,No
5,5,7,2,5,2,4,10,4,4,Yes
3,7,2,5,7,0,8,2,6,8,No
3,10,1,2,8,1,23,0,0,0,No
1.5,10,5,2,5.5,0,12,4,2,6,No
3,8,5,1,7,0,9,3,4,8,No
4,8,1,3,8,1,8,3,4,8,No
2,8,4,3,7,2,9,3,3,7,Yes
2,9,6,5,2,2,9,3,6,4,Yes
1,8,4,4,7,1,9,5,5,4,No
3,10,2,4,5,4,4,2,4,10,Yes
1,8,2,5,8,1,8,2,5,8,No
1,3,2,10,8,0,3,2,11,8,Yes
3,8,1,4,8,3,7,6,5,3,Yes
3,8,2,2,9,0,8,2,4,10,No
2,4,3,7,8,2,10,2,2,8,No
1,7.5,3,3,9.5,1,7,4,3,9,No
3,8,2,6,5,0,8,2,5,9,Yes
1,10,3,2,8,2,10,4,6,2,Yes
3,8,2,3,8,0,9,2,5,8,No
5,5,5,5,4,4,4,4,4,8,Yes
1,8,1,6,8,0,8,2,6,8,No
4,8,1,5,6,1,10,2,3,8,Yes
4,8,4,2,6,1,9,4,4,6,No
3,7,2,5,7,0,6,4,6,8,No
2,6,3,5,8,0,7,4,5,8,No
1.5,8,4.5,2,8,1.5,8,3.5,3,8,No
3,6,3,4,8,1,7,3,4,9,No
3.5,10,1,2,7.5,3.5,10,1,2,7.5,No
1,2,3,1,17,10,10,1,1,2,Yes
1,9,3,4,7,0.5,9,3,4,7.5,No
2,7,6,1,8,0,7,6,3,8,Yes
2,6,8,6,2,7,7,8,1,1,Yes
3,9,2,1,9,2,9,3,2,8,Yes
0,8,6,4,6,1,8,4,4,7,No
5,15,1,1,2,1,15,3,3,2,Yes
1,10,3,2,8,0,12,4,2,6,No
2,8,2,4,8,0,6,4,4,10,No
3,7.5,2.5,6,5,0.5,7.5,4,5,7,No
4,4,5,9,2,4,5,6,5,4,Yes
4,8,4,4,4,8,7,4,1,4,Yes
1,7,2,5,9,1,8,3,4,8,Yes
2,7,4,3,8,0,8,4,3,9,Yes
3,9,1,3,8,0,9,2,5,8,No
6,5,6,2,5,6,2,6,3,7,Yes
1,9,3,2,9,1,9,2,2,10,No
2,8,2,3,9,0,8,4,3,9,Yes
0,8,0,8,8,0,8,0,8,8,Yes
1,8,2,4,9,1,8,2,4,9,Yes
2,7.5,3.5,3,8,0,7.5,3.5,5,8,No
5,5,5,5,4,5,5,5,5,4,Yes
3,7,7,2,5,6,7,3,2,6,Yes
0.5,7,5.5,6,5,0.25,7,3.7,7,6,Yes
1,8,2,6,7,0.5,9,4,4,6.5,No
1,7,2,5,9,2,8,2,3,9,Yes
1,8,3,4,8,0,8,4,4,8,No
2,9,3,3,7,0,9,6,3,6,No
50,8,50,8,8,0,8,0,8,8,Yes
4,8,4,1,7,0.5,9,4,3.5,7,No
3,7,3,2,9,1,7,3,4,9,Yes
3,4,2,6,9,1,4,5,7,7,No
1,6,3,6,8,0,8,5,3,8,No
2,5,3,10,4,2,3,6,4,9,Yes
1,5,4,3,11,0,7,3,2,12,Yes
4,4,4,12,50,4,4,8,4,4,Yes
2,8,1,4,9,1,8,2,5,8,No
3.5,8,4,1.5,7,0.5,8,4,4.5,7,No
2,7.5,3.5,3,8,0,7.5,3.5,5,8,No
1.5,8.5,2.5,4,7.5,0.5,8,3,5,7.5,No
1,6,4,4,9,0.5,6,4,4,9.5,Yes
2,8,4,2,8,0,10,6,2,6,Yes
2,7,2,5,8,1,8,2,5,8,Yes
3,2,9,7,3,8,9,4,0,3,Yes
2,8,3,4,7,1,6,4,6,7,No
1,12,2,2,7,0,15,3,0,6,No
2,12,1,1,8,1,12,1,2,8,No
0,6,4,3,11,1,6,7,2,8,Yes
1.5,7,7,0.5,8,0.5,7,7,1.5,8,No
2,8,2,4,8,0,9,2,5,8,No
2,10,2,2,8,2,10,2,2,8,Yes
1,8,4,4,7,1,8,4,4,7,No
1,8,4.5,2.5,8,1,8,5,2,8,No
2,8,2,4,8,3,8,4,3,6,No
5,2,3,4,10,16,3,2,1,2,Yes
3,6,4,4,7,0,6,4,6,8,Yes
2,8,1,6,7,0.5,8,2,5.5,8,No
2,8,2,5,7,0.5,9,3,4,7.5,No
2,8,2,6,6,0,4,6,6,8,No
2,8,3,3,8,0,9,6,3,6,No
2,8,2,4,8,2,8,2,4,8,Yes
1.5,8,0,7.5,7,0.5,8,0,8.5,7,No
2,7,3,3,9,0.5,7,5,2.5,9,No
1,8,1,6,8,0,9,6,1,8,No
2,9,3,3,7,0.5,8,3,4.5,8,No
3,8,3,4,6,6,8,4,1,5,No
5,10,3,3,3,5,5,5,5,4,Yes
2,8,4,4,6,0,10,3,4,7,No
1,8,3,3,9,2,8,3,3,8,Yes
2,14,1,1,6,1,10,1,2,10,No
1,8,3,4,8,0,8,4,4,8,No
1,8,4,3,8,1,8,3,4,8,No
5,6,7,6,50,6,4,6,3,5,Yes
5,5,2,4,8,5,9,3,1,6,Yes
1,8,3,4,8,0.5,8,3,4.5,8,Yes
4,5,5,5,5,4,5,5,5,5,No
2.5,8,2.5,3,8,2.5,8,2.5,3,8,Yes
4,13,1,1,5,4,13,1,1,5,No
2,7,1,6,8,4,10,2,0,8,Yes
3,8,5,2,6,1,8,5,4,6,Yes
1,4,2,10,7,1,5,2,9,7,Yes
2,8,3,3,8,2,8,4,5,5,Yes
2,8,5,1,8,0,10,5,1,8,No
1,10,3,2,8,0,10,2,2,10,Yes
1,9,3,3,8,0,9,3,4,8,No
2,8,2,4,8,0,8,2,6,8,No
3,6,3,4,8,3,8,3,2,8,No
3.5,8,2,2.5,8,0,10,4,2,8,Yes
1,8,5,2,8,0.5,8,1.5,4,10,No
1,8,1,6,8,1,8,1,6,8,No
1,8,4,4,7,1,8,4,4,7,Yes
1,8,3,3,9,0,8,4,3,9,No
2,8,2,4,8,0,8,4,4,8,Yes
2,7,3,4,8,2,8,3,4,7,No
1,9,2,4,8,1,9,2,5,7,No
2,6,6,4,6,2,5,5,6,6,Yes
2,9,2,3,8,2,9,2,4,7,No
1,8,1,8,6,1,8,1,8,6,No
0,14,2,2,6,0,14,1,2,7,Yes
1,7,1,8,7,0.5,7,1,8.5,7,No
1,10,4,1,8,0,5,2,8,9,No
3,8,3,2,8,2,9,1,4,8,Yes
3,6,3,3,9,4,6,2,6,6,Yes
6,3,3,4,8,7,3,3,3,8,No
1,7,3,5,8,1,7,3,6,7,No
1,8,2,5,8,1,8,3,4,8,Yes
3,7,2,4,8,4,5,3,5,7,Yes
2,12,1,1,8,0,8,2,6,8,No
2,8,3,4,7,0,8,3,4,9,Yes
1,8,3,4,8,0,9,3,4,8,No
1,9,1,6,7,1,9,3,1,10,No
1,9,3,5,6,0,9,3,5,7,No
2,8,3,3,8,0,8,4,4,8,Yes
5,5,5,2,7,5,5,5,2,7,Yes
5,9,2,2,6,0.5,10,2,3.5,8,No
4,10,2,2,6,0.5,12,2.5,3,6,No
1,9,1,5,8,0.5,9,1.5,5,8,No
3,8.5,1,3.5,8,0.5,7.5,2,6,8,No
2,5,6,5,6,6,6,3,4,5,No
1,9,2,2,10,1,9,2,2,10,Yes
1,7,2,7,7,0,7,3,7,7,No
0.5,9,3,3.5,8,0,10,3,3,8,No
1,10,3,3,7,2,10,3,3,6,No
2,9,2,3,8,0,12,2,2,8,No
0,8,2,6,8,0,8,2,6,8,Yes
4,8,3,2,7,0.5,9,4,3.5,7,No
1,7.5,3,4.5,8,0.5,8.5,3,4,8,Yes
1,7,1,7,8,0.5,7.5,1,7,8,No
2,7,3,4,8,1,6,5,4,8,No
1,8,2,6,7,2,7,6,1,8,No
0,10,1.5,5.5,7,0,10,1.5,5.5,7,No
5,6,2,2,9,6,7,1,2,8,Yes
2,8,1,7,6,0.5,8,2,7.5,6,No
3,8,2,4,7,0,8,3,6,7,No
1,9,0,6,8,0,10,0,6,8,No
1,10,1,4,8,0,10,2,4,8,No
2,8,5,2,7,0.5,8,4.5,4,7,No
3,8,2,4,7,1,10,3,2,8,Yes
3.5,9.5,1.5,2.5,7,0.5,9.5,1.5,6,6.5,No
3,8,3,2,8,3,6,3,2,10,No
2.5,10.5,50,3,8,0.5,11,0.5,4,8,No
2,9,3,3,7,0,10,3,3,8,No
1,8,3,6,6,0.5,9,2.5,6,6,No
2,8,2,4,8,0,9,2,5,8,No
2,8,8,1,5,0,10,8,1,5,Yes
1,8,0,7,8,0,4,4,8,8,No
4,4,3,5,8,1,7,2,6,8,No
1,8,2,5,8,0,10,2,4,8,No
2,8,1,3,10,0,8,2,4,10,Yes
50,8,50,8,8,50,8,50,8,8,No
6,8,2,2,6,6,9,1,2,6,Yes
3,8,2,3,8,0.5,9,2,4.5,8,No
2,8,0,6,8,0.5,8,0,7,8.5,No
2,8,2,5,7,0.5,8,2.5,6,7,No
3,8,3,3,7,0,8,4,4,8,No
4,8,2,2,8,0,8,2,6,8,No
0.5,8,0,7.5,8,0,10,2,4,8,No
3,7,3,3,8,0,9,4,4,7,No
1,8,1,6,8,2,8,6,2,6,No
3,7,2,4,8,0,8,2,6,8,Yes
0.5,6,5,4,8.5,1,6,5,3,9,Yes
0.5,7,3,6.5,7,0.5,7,3,6.5,7,Yes
4,12,1,1,6,0.5,16,0.5,1,6,No
1,9,3,3,8,0,9,3.5,3.5,8,Yes
2,7,1,2,12,0,9,1,4,10,No
2,9,2,3,8,0.5,9,3,3.5,8,Yes
1,10,2,4,7,1,10,4,2,7,No
4,50,2,4,14,6,5,8,3,2,Yes
1.5,8,2.5,4,8,0.5,8.5,2.5,4.5,8,No
3,8.5,1,4,7.5,0.5,7.5,2,6,8,No
1.5,10,2,3,7.5,0.5,10,2,3,8.5,No
2,4,2,9,7,1,4,4,8,7,No
1,8,3,3,9,0.5,8,3,3,9.5,No
1,8,7,2,6,0,8,6,4,6,No
2,8,4,4,6,2,7,2,5,8,Yes
2.5,7,2,5,7.5,1,6,2,6,9,No
3,8,2,3,8,1,8,2,5,8,Yes
4,8,2,4,6,0,8,4,4,8,No
1.5,7,1.5,6,8,0.5,7,1.5,8,7,No
4,8,0,4,8,0.5,10,2,3.5,8,No
1,6,5,4,8,1,6,5,6,6,No
2,12,1,1,8,0,12,1,3,8,No
1,6,7,3,7,0,7,6,4,7,No
2,9,2,4,7,50,9,2,6,7,Yes
3,8,3,3,7,0.5,8,3,5.5,7,No
5,8,1,4,6,1,10,1,6,6,No
3,10,1,3,7,1,10,1,4,8,Yes
2,8,1,5,8,0.25,8.75,1,6,8,No
1,7.5,3,5,7.5,0,8,2,6,8,Yes
3,9,2,4,6,0,10,2,4,8,No
4.5,7.5,1,4,7,1.5,7.5,1,6,8,No
4,8,3,1,8,0.5,10,3,2.5,8,No
3,10,2,2,7,3,10,2,2,7,No
1,9,3,3,8,0,10,3,3,8,No
0.5,8,4,3.5,8,0.5,8,4,3.5,8,Yes
0.5,8.5,3,4,8,0.4,9,3,3.6,8,Yes
1,8,3,4,8,1,8,4,4,7,No
4,8,3,3,6,1,10,3,4,6,Yes
1.5,8,1,6.5,7,0.5,8,1,7.5,7,No
2,1.5,2.5,10,8,0,3,2.5,10,8.5,No
0.5,10,2,3.5,8,0,11,3,2,8,No
1,7.5,2,5,8.5,0.5,7.5,2,5,9,No
0.5,8,4,3.5,8,0.5,8,4,3.5,8,No
2,9,3,2,8,0,10,2,4,8,No
3,8,2,3,8,0,10,3,2,9,No
1,6,2,5,10,2,6,2,5,9,No
2,7,2,5,8,2,6,3,4,9,No
2,10,2,3,7,1,10,4,2,7,No
1,8,3,5,7,50,10,4,3,7,No
1.5,8,1.5,6,7,0.5,8,1,7.5,7,No
1.5,8,2,4,8.5,0.5,11,2.5,3,7,No
2,8,5,2,7,1,8,6,2,7,No
3,6,2,4,9,1,5,2,7,9,Yes
0.5,7.5,3,6,7,0,7.5,7,2,7.5,No
1,8,2,5,8,0,9,2,5,8,Yes
1,10,2,3,8,0,10,2,4,8,No
1.5,8,2.5,2,10,0,8,3,3,10,No
3,8,1,3,9,0,8,2,6,8,Yes
2.5,9,1,4.5,7,0,8.5,2,6.5,7,Yes
0,8,4,4,8,0,8,4,4,8,No
1.5,11,0.5,3,8,0.5,10,2,3.5,8,No
1.5,5,3.5,6,8,1,10,2,4,7,No
2,9,2,3,8,0,10,3,3,8,Yes
3,10,3,2,6,1,12,3,2,6,No
2,7,0,6,9,1,7,0,7,9,No
3,11,0,2,8,0.5,12,0,4.5,7,No
0.5,8,1.5,2,12,0,8.5,1.5,2,12,No
1,8,2,5,8,0,9,2,5,8,No
2,12,3,4,3,2,12,2,4,4,No
3,6,3,3,9,1,7,3,4,9,No
1,10,1,10,2,1,1,1,20,1,Yes
1,8,1,7,7,0.5,7.5,1,8,7,No
0,8,4,4,8,50,8,4,4,8,No
2,8,0,7,7,0,10,0,7,7,Yes
2,8,3,3,8,2,8,3,3,8,No
2,8,3,3,8,0.5,8.5,3,4,8,Yes
2,9,4,1,8,0.5,10,3,2,8.5,Yes
5,6,3,5,5,5,6,3,5,5,Yes
0.5,8,0,7.5,8,0.5,8,0,7.5,8,No
1,9,3,4,7,0,9,4,4,7,No
1.5,7,3,3.5,9,0.5,8,3,3.5,9,No
2,8,2,5,7,0,8,2,6,8,Yes
3,7,3,3,8,3,7,5,2,7,No
1,10,2,3,8,0.5,10,2,3.5,8,No
2,10,6,6,50,50,8,4,4,8,No
4,10,2,3,5,0,12,2,2,8,No
2,7,3,6,6,1,8,3,5,7,No
2,8,3,4,7,3,8,3,4,6,Yes
2.5,7.5,4,2,8,0.5,8,4,3.5,8,No
2,10,1,3,8,0.5,11.5,1,3,8,No
2.12,7.6,2.3,5.5,6.5,1,12,3,4,4,No
4,9,2,1,8,0,8,4,4,8,No
2,8,3,3,8,1,8.5,2,4.5,8,No
2,8,2,4,8,0,10,4,2,8,No
2,8,2,2,10,3,7.5,2.5,1,10,No
1,8.5,1,4.5,9,0.5,5,1,8.5,9,No
2,8,4,3,7,1,8,4,3,8,No
0,4,6,4,10,0,4,4,6,10,No
4,8,2,5,5,0.25,9,3,5,6.7,No
1,9,2,4,8,1,9,2,4,8,Yes
3,7,3,4,7,3,7,3,4,7,No
0.5,8,4,4.5,7,0,8,4,5,7,No
1,8,1,6,8,0,8,1,7,8,No
3,8,2,3,8,1,8,2,5,8,No
5,4,5,5,5,5,5,5,5,4,Yes
0,8,2,6,8,0,8,2,6,8,No
4,7,4,2,7,3,5,4,4,8,Yes
0,8,4,4,8,0,10,4,2,8,No
1,7.5,4,2.5,9,0.5,7.5,4,3,9,No
2,6,3,3,10,0.5,6,3.5,4,10,Yes
5,6,3,4,6,4,6,5,5,4,Yes
1.5,9,2,4.5,7,0,9,2,5,8,No
2,8.5,1.5,4,8,0.25,9.75,1.5,5,7.5,No
3,10,3,4,4,0,14,4,3,3,No
1,7,3,5,8,2,8,2,6,6,Yes
3,9,2,2,8,0,9,2,5,8,Yes
1,8,3,5,7,1,10,2,4,7,No
2,8.5,2,3,8.5,1,8,3,3,9,No
2,9,2,3,8,0,10,2,3,9,Yes
4,5,5,4,6,6,6,4,2,6,Yes
2,6,5,5,6,3,6,5,5,5,Yes
0.5,7,4.5,4,8,0,8,4,4,8,No
2.5,9,2.5,2,8,0.5,9,2.5,3,9,No
3,8,2,3,8,0.5,9,2.5,3,9,No
1,6,5,5,7,1,4,6,6,7,Yes
8,1,2,4,9,24,50,50,50,50,Yes
5,10,3,1,5,5,10,2,1,6,No
1,8,1,6,8,0,8,1,7,8,No
1,7,4,5,7,0,7,4,5,8,Yes
1,8,0,7,8,0,8,1,7,8,Yes
4,7,2,4,7,0,8,2,7,7,No
3,8,2,3,8,0.5,8,2,5.5,8,Yes
1.5,9,2,3.5,8,0.5,12,1,2.5,8,No
5,3,4,3,9,6,3,2,5,8,No
2,8,5,3,6,0.5,6,5,5.5,7,No
3,8,2,0.5,10.5,0,8,2,4,10,No
2,10,1,5,6,0,10,1,5,8,No
3,8,3,4,6,0,9,2,6,7,No
1.5,8.5,1,5,8,1,8,1.5,5.5,8,No
3.5,8,1,3.5,8,1,9,1,4,9,No
1,7,3,5,8,0.5,7,1,5.5,10,Yes
1,8,5,2,8,0.5,10,2,4.5,7,No
3,8,2,4,7,0.5,10,3.5,3,7,Yes
2,9,2,3,8,0,11,3,2,8,No
1,8,2,3,10,0,7,2,5,10,No
2.5,8.5,2,3,8,0.5,7.5,4,4,8,No
4,8,2,4,6,1,8,2,5,8,Yes
3,9,3,2,7,0.5,9,3,4.5,7,Yes
1,9,2,4,8,1,9,2,4,8,No
2,8,2,4,8,1,8,2,5,8,No
1.5,8,2,3.5,9,0.5,8.5,2,4,9,Yes
1,8,3,3,9,2,8,3,3,8,Yes
1.5,9,3,2,8.5,0.5,9,2,4,8.5,No
0.5,8,1.5,4,10,0,8,1.5,4.5,10,No
6,3,4,4,7,6,3,2,2,11,Yes
3,8,1,4.5,7.5,0,8,1,6.5,8.5,Yes
1.5,9,1,5.5,7,0.5,10,1,5.5,7,No
1,8.5,2,5,7.5,0,8,2,6,8,No
2,9,3,2,8,0,9,4,3,8,Yes
1,7,4,5,7,0.5,7,5,5,6.5,Yes
2,7,4.5,4.5,6,2,5,4.5,4.5,8,Yes
0.5,8,4,4,7.5,2,12,2,0,8,No
1,5,5,5,8,1,5,5,5,8,No
2,8,1,5,8,0.5,8,1,6.5,8,No
3,10,3,2,6,0.5,9,5,2.5,7,No
3,9,1,4,7,0,10,1,5,8,Yes
3,8,3,2,8,0,8,4,4,8,Yes
2.5,9,2,2.5,8,5,10,3,3,3,No
5,8,2,2,7,6,8,1,2,7,Yes
1,7,2,6,8,0,8,2,6,8,No
2,8,0,6,8,0.5,8,0,7.5,8,No
6,6,5,1,6,6,6,4,2,6,Yes
2,7,5,2,8,0,7,4,5,8,No
3,8,3,2,8,0,10,4,2,8,No
2,8,2,4,8,0,9,3,4,8,No
0,8,0,8,8,50,8,50,7,9,No
3.5,8,2,2,8.5,0.5,8,1.5,6,8,No
3,8,4,3,6,3,7,4,4,6,No
2.5,8,3,3,7.5,0.5,8,4,4,7.5,Yes
4,8,1,4,7,4,8,1,4,7,Yes
2,10,3,2,7,2,10,3,2,7,No
1.5,7.6,4,2,8.9,0,8,4,3,9,No
0,8,5,3,8,0,8,3,5,8,No
4,7,3,4,6,4,7,3,4,6,Yes
1,9,2,4,8,0.5,9,2.5,4,8,No
1,12,1,4,6,0,12,1,5,6,No
1,7,4,4,8,1,7,3,4,9,No
1,12,2,3,6,0.5,10,4,2.5,7,No
2,6,4,4,8,8,6,2,2,6,Yes
1,11,2,3,7,0,12,2,3,7,No
1,8,3,4,8,0.3,8,3,4.69,8,No
4,7,3,4,6,4,7,3,4,6,Yes
0.5,8,2,5.5,8,0,10,2,4,8,Yes
1,8,4,2,9,0.5,9,3,3,8.5,Yes
2,8,2,3,9,0,8,2,5,9,Yes
2.5,7.5,1,4,9,0.5,7.5,4,4,8,No
4,8,2,2,8,1,8,4,4,7,Yes
1.5,10,2,3.5,7,0,12,2,3,7,No
5,8,1,2,8,1,8,1,6,8,No
1.5,7.5,1.5,5.5,8,0,8,1.5,6.5,8,No
0.5,8,1,7.5,7,0,8,1,8,7,No
2,7,4,4,7,0,8,6,4,6,No
0.5,0,2,12.5,9,0.5,11,2,3,7.5,No
3,8,2,4,7,0.5,8.5,3,5,7,No
2,4,3,6,9,2,4,3,6,9,No
1,9,2,3,9,0.5,9,2,3,9.5,No
1.5,8.5,1.5,4.5,8,0.5,8.5,1.5,5,8.5,No
3,7.5,3,3.5,7,0.5,8,3,5.5,7,No
0.5,18,0.5,2,3,16,3,2,2,1,Yes
1.5,8,3.5,3,8,0,9,3,4,8,No
1,8,3,6,6,0,8,3,6,7,No
0,9,3,4,8,0,9,3,4,8,No
3,10,3,2,6,0.1,10,3,4.9,6,Yes
3,8,6,1,6,0,8,8,2,6,No
3,9,1,3,8,0.5,10,1,4.5,8,No
3,5,5,5,6,0,7.5,5,5,6.5,No
2.5,8,2.5,4,7,0.5,8,3,5.5,7,No
0,13,1,6,4,0,13,1,6,4,No
2,8,3,4,7,0,8,4,5,7,Yes
2,10,2,4,6,0.5,11,2,4.5,6,Yes
8,8,1,1,6,2,10,2,2,8,No
8,2,1,8,5,8,2,1,8,5,No
3.5,7,2.5,4,7,0.5,7,4.5,5,7,No
5,6,4,3,6,4,6,4,5,5,No
0,7.5,5,3.5,8,50,7.5,5,3.5,8,Yes
1,8,4,2,9,4,8,4,4,4,Yes
1.5,11,1.5,4,6,0,11,1.5,5.5,6,No
3,9,3,2,7,1,10,3,3,7,No
1,12,2,2,7,1,12,2,2,7,No
50,10,50,14,50,50,24,50,50,50,No
1,7,2,6,8,0.5,6,3,6.5,8,No
0,8,3,5,8,0,8,3,5,8,No
2,9,1,4,8,0,10,1,5,8,Yes
1.5,10,0.5,4.5,7.5,0.5,11,0.5,4.5,7.5,No
1,8,4,3,8,0,9,5,2,8,No
1.75,6.75,2.75,3.75,9,0,7.5,4.25,4.25,8,Yes
1,8,4,3,8,1,8,3,4,8,No
3,8,2,4,7,1,9,3,4,7,No
2,10,1,4,7,2,10,1,4,7,No
2.5,9.5,2,2.25,7.75,0.5,9.5,2,4.25,7.75,No
2,8,4,2,8,0,9,4,2.5,8.5,No
2,12,1,3,6,1,8,4,3,8,No
2,9,1,3,9,0,9,3,3,9,No
2,10,4,2,6,1,7,5,3,8,No
1,7.5,1,3,11.5,0.5,9,9,1,4.5,No
2,8,1,5,8,0,10,1,5,8,Yes
3,8,3,2,8,0.5,8.5,3,4,8,Yes
3,8,3,2,8,0.5,8,4,4,7.5,No
3,7,2,4,8,1,7,3,5,8,No
2,8.5,2,3,8.5,0.5,9,2,3.5,9,No
3,8,1,4,8,0.5,8,1,6.5,8,No
2.5,7,2,4.5,8,0.5,9,2,4.5,8,No
1,7,3,4,9,1,7,3,4,9,No
3,7,2,4,8,0,9,3,4,8,No
1.5,8.5,1.5,4.5,8,0.5,8.5,1.5,5.5,8,No
3,5,4,4,8,0,8,4,4,8,No
3,8,2,3,8,0,10,3,3,8,No
5,8,2,2,7,6,8,1,2,7,Yes
3,8,4,1,8,0,8,2,7,7,No
4,10,1,2,7,0,10,1,3,10,No
0.5,8,0.5,9,6,0.5,8,2,8,5.5,No
3,8,2,3,8,4,9,2,1,8,Yes
1,11,2,3,7,1,11,4,3,5,Yes
1,10,0,3,10,0,6,1,5,12,No
3,6,2,12,1,12,2,3,4,3,Yes
1,9,2,5,7,0,9,3,4,8,No
1.5,9.5,2,5,6,0,10,2,6,6,No
3.5,8,1.5,4,7,2,7,3,4,8,No
1.5,8,5,1.5,8,0.5,8,4,3,8.5,Yes
2,8,2,4,8,0,9,2,5,8,No
4,2,4,7,7,5,6,3,5,5,No
2,7,4,4,7,0,7,4,5,8,No
2,9,3,3,7,2,9,2,2,9,No
1,8,4,3,8,1,8,4,3,8,Yes
3,5,0,8,8,0,8,0,8,8,No
1,9,1,5,8,1,9,1,5,8,Yes
2,9,0,5,8,0.5,8,0,7.5,8,No
2,10,1,4,7,0,10,1,6,7,No
2,8.5,3,4,6.5,1,8.5,3,3.5,8,No
4,9,2,2,7,1,10,3,3,7,No
1,8,4,5,6,1,8,5,4,6,No
2,15,2,5,50,3,10,5,6,50,Yes
2,8,3,3,8,3,8,3,2,8,Yes
3,10,1,4,6,3,10,1,4,6,Yes
0.5,9,2,4.5,8,0.5,9.5,3,3,8,No
3,9,2,3,7,0.5,9,3,4,7.5,No
1,10,3,1,9,2,10,2,1,9,Yes
1.5,10,4,2,6.5,0.5,8,4,5,6.5,No
2,10,2,4,6,0,10,3,5,6,No
0,9,2,5,8,0,9,2,5,8,No
3,8,3,2,8,0,9,3,4,8,No
1,9,2,3,9,0,9,2,3,10,No
1,9.5,0.5,6,7,0.5,10,1,5,7.5,No
1,8,4,3,8,0,9,4,3,8,No
3,9,2,2,8,0,12,2,2,8,No
2,7,4,4,7,1,6,4,6,7,No
3,7.5,2,5.5,6,0.5,7.5,2,6,8,Yes
3,8,2,4,7,0,9,2,5,8,No
0.5,7.5,3,4,9,0,7.5,2,4.5,10,No
6,7,2,3,6,0,8,2,6,8,No
2,7,2,5,8,0,7,2.5,6.5,8,No
3,2,4,7,8,2,2,5,7,8,No
3,8,1,5,7,0.5,8,1,6.5,8,No
1,8,3,5,7,0.5,9,1,6.5,7,Yes
1.5,8.5,2,4.5,7.5,1,9,2,4.5,7.5,No
3,9,0,4,8,0,5,2,9,8,No
2,3,19,50,50,4,3,17,50,50,Yes
3,8,2,3,8,0.5,8,2,5.5,8,No
2,6,3,7,6,3,7,3,5,6,Yes
2.5,9,1,3.5,8,0.5,9,1,5.5,8,No
3,8,1,4,8,0,8,2,5,9,No
4,9,3,3,5,0,10,3,4,7,No
2,10.5,2.5,1.5,7.5,1.5,11,2.5,1.5,7.5,No
4,9,4,1,6,0,9,5,2,8,No
3,8,4,2,7,1,10,4,2,7,No
1.5,7,3,4,8.5,0.5,7,3,5,8.5,No
2,8,4,4,6,2,6,4,6,6,Yes
1,9,1,6,7,1,9,3,4,7,No
2,7.5,3,11.5,50,0,7.5,3,5.5,8,Yes
1,10,3,2,8,0,11,2,3,8,Yes
3,8,0,6,7,0,8,0,7.5,8.5,Yes
2,7,3,4,8,0,8,2,6,8,No
3,8,3,3,7,1,8,3,5,7,No
0.5,12,4.5,3,4,0,8,10,3,3,Yes
3,9,2,3,7,1,10,2,4,7,No
0.5,7,0,12,4.5,0,8,0,2,14,No
1,6,15,1,1,1,8,3,5,7,Yes
2.5,11.5,0.5,1.5,8,0.5,12,0.5,3,8,Yes
2,10,2,3,7,0.5,8,3,4.5,8,No
0.5,8.5,1,7,7,0,7,0,10,7,No
1,8,5,3,7,0.5,9,4,3.5,7,No
1,8,4,4,7,0,6,4,7,7,Yes
5,8,2,2,7,7,8,1,2,6,Yes
2,8,2,4,8,0.5,8,2,5.5,8,No
3,8,1,5.5,6.5,1,8,3,4.5,7.5,No
1,8,3,4,8,1,8,4,4,7,No
1,9,2,4,8,1,8,3,4,8,No
3,8,2,3,8,0.5,8,2,4.5,9,No
1,8,2,5,8,0,9,2,5,8,No
2,12,2,2,6,1,12,2,2,7,No
2,8,0,6,8,0,10,3,3,8,No
0,7.5,4.5,4,8,0,7.5,4,4.5,8,No
1,6,4,5,8,1,6,4,5,8,No
2,8,2,4,8,0.5,8,3,6,6.5,No
3,8,2,3,8,0.5,8.5,2,5,8,No
2,8,2,5,7,0.5,8,2,6.5,7,No
2,8,4,3,7,0,12,2,2,8,No
1.5,7.5,2,4,9,0.1,7.5,2,5.39,9,No
2,10,3,3,6,0.5,10,3,4.5,6,No
2.5,8,2,3.5,8,0,9,3,4,8,No
2,7,5,2,8,0,7,5,4,8,Yes
1,8,3,4,8,1,8,4,3,8,Yes
3,8,2,5,6,0,8.5,3,6,6.5,No
2,9,3,3,7,0.5,9,3,4,7.5,No
3,8,0,6,7,0.5,10,1,4.5,8,No
2.5,8,3,3.5,7,0,9,2.5,5.5,7,No
1,7,3,5,8,1,7,4,4,8,No
2,8,4,2,8,1,8,4,4,7,No
0.5,8,1.5,6,8,0,8,2,6,8,No
0,5,5,6,8,2,5,5,5,7,No
1,9,5,3,6,0,10,2,4,8,Yes
5,5,5,5,4,5,5,5,5,4,Yes
1,7,2,6,8,0,7,2,7,8,Yes
2,10,1,3,8,1,10,1.5,3.5,8,No
2,10,1,3,8,50,12,2,2,8,No
4,10,1,3,6,4,10,2,2,6,No
0,10,3,5,6,0,10,3,5,6,No
5,11,2,1,5,1,12,2,3,6,No
2,8,2.5,3.5,8,1,6,4,5,8,No
5,5,5,5,4,4,4,4,4,8,Yes
1,8,1,6,8,0.5,9,2,4.5,8,No
2,7,2,5,8,0,8,2,6,8,Yes
1,9,1,5,8,0.5,7,3,5.5,8,No
5,7,2,3,7,1,8,3,7,5,Yes
4,8,0,4,8,4,8,1,3,8,No
3.5,6,3.5,3,8,0.5,10,1,4.5,8,No
2,9,5,2,6,1,9,4,4,6,Yes
2.5,7.5,5,2.5,6.5,0.5,7.5,6.5,1.5,8,No
2,10,1,5,6,50,11,1,6,6,No
3,8,3,3,7,0,8,3,6,7,Yes
2.25,7.35,4,2.89,7.5,0.1,7.35,4,4.5,8,No
1,10,1,4,8,0.5,11,1,3.5,8,No
4,7,2,3,8,4,8,2,3,7,No
3,8,1.5,3.5,8,0.5,8,1.5,6,8,No
2.5,8.5,1,5,7,1,8.5,2,4.5,8,No
2,8,2,3,9,0,8,2,5,9,No
1,8,2,6,7,0,8,2,6,8,No
3,7,4,1,9,0,9,4,2,9,No
1.5,7.5,2,5,8,0,8,2,6,8,No
0.5,9,2,3.5,9,0.5,9,2.5,3,9,No
2,8,7,2,5,0.5,9,8,1.5,5,No
3,8,3,3,7,1.5,6,3,6,7.5,No
3,9,1,3,8,0,8,3,5,8,No
1,6,1,8,8,0.5,5,2,8.5,8,No
2,7,4,4,7,2,7,4,4,7,No
2,7,4,3,8,0,6,5,5,8,Yes
1,8,3,4,8,0.5,11,2,3,7.5,Yes
0.5,8,6,1.5,8,0,9,5,2,8,No
2.5,7.5,4,3,7,0,9,4,3,8,No
1,7,3,5,8,0.5,7,3,5.5,8,No
2,8,4,2,8,2,8,2,4,8,No
1,8,3,5,7,0,8,3,6,7,No
1,9,2,6,6,0,9,1,8,6,No
4,6,6,2,6,1,8,6,3,6,No
3,7,5,2,7,0,9,5,3,7,No
1.5,7.5,5,4.5,5.5,0,9,5,5,5,Yes
5,8,2,2,7,3,8,2,3,8,Yes
5,8,2,1,8,50,10,3,3,8,No
3,8,3,3,7,5,4,6,2,7,Yes
2,7,4,4,7,0,7,5,5,7,No
0.5,20,1,2.5,50,2,12,1,2,7,Yes
1.5,8,3.5,3,8,0.5,8,3.5,4,8,No
1,7,4,4,8,4,7,2,3,8,No
2,6.5,4,5,6.5,1,6.5,5,5,6.5,No
2,5,3,4,10,1,2,3,4,14,Yes
8,5,2,1,8,5,8,1,2,8,No
2,10,3,1,8,0,10,1,5,8,No
3,8,0,5,8,0.5,8,0,7.5,8,Yes
1,4,2,2,15,0,8,2,4,10,Yes
2,12,4,4,2,12,3,4,3,2,Yes
2,10,1,3,8,0,10,1,5,8,No
3,8,0,5,8,0.5,10,0,5,8.5,No
3,10,1.5,1.5,8,0.5,10,1,3.5,9,No
1,8,3,4,8,1,8,4,3,8,Yes
1,7.5,4,3.5,8,0,9,4,4,7,No
1,9,3,3,8,0,10,3,3,8,No
3,8,3,3,7,0.5,9.5,3,3,8,No
10,4,4,4,2,6,6,6,4,2,Yes
0.4,7.5,3.6,3.5,9,0,7.5,2,5,9.5,No
1,8,1,6,8,0.5,8,1.5,6,8,No
3,8,2,5,6,1,9,2,5,7,No
2,8,3,3,8,3,8,3,2,8,No
0.5,10,2,3.5,8,0,12,2,2,8,No
1.5,8.5,2,4,8,0.2,4,2,5.8,12,Yes
2,7,5,3,7,0,7,5,5,7,No
4,6,4,4,6,0,7,5,4,8,Yes
2.5,8,3,2.5,8,0.5,8,3,4.5,8,No
2,5,5,6,6,2,5,5,6,6,Yes
3,3,5,5,8,1,2,5,8,8,Yes
0.5,7,3.5,5,8,0,7,3,6,8,No
4,8,3,1,8,3,8,2,3,8,No
1.5,8,0,6.5,8,0,10,50,6,8,No
1,8,3,4,8,1,8,4,3,8,Yes
2.5,9,2,2.5,8,0,12,2,2,8,No
1,8.5,3,4.5,7,0.5,8.5,3,5,7,No
3,8,4,1,8,2,8,2,2,10,No
1,6,4,5,8,0.5,8,3.5,4,8,No
1,7,4,5,7,0,7,5,5,7,No
5,8,2,2,7,7,8,1,2,6,Yes
2,9,3,2,8,1,9,4,3,7,No
0,7,5,5,7,0,7,5,5,7,No
2,8,4,2,8,2,8,3,3,8,No
4,7,2,4,7,0.5,7.5,2,6,8,No
2,8,4,3,7,0,8,4,4,8,Yes
3,7,2,4,8,0.5,7,3,5.5,8,Yes
2.5,8,4,2.5,7,0.5,8,4,4.5,7,No
2.5,8.5,4.5,2,6.5,0.5,10,4.5,2.5,6.5,No
2,10,3,3,6,0,10,3,4,7,Yes
1,8,3,2,10,1,8,3,2,10,Yes
2,8,5,5,4,2,8,5,5,4,Yes
1.5,8,4,3.5,7,0.5,8,4,4.5,7,No
10,12,0.5,0.5,1,5,10,3,3,3,Yes
2.5,9,2,3.5,7,0.5,10.5,2,4,7,No
0.5,7,3,6,7.5,0.5,7,3,6,7.5,No
4,5,5,4,6,5,5,4,3,7,No
1,8,5,2,8,2,8,2,4,8,Yes
1,7,4,5,7,0.5,9,3,3.5,8,Yes
2,8,2,4,8,0.5,8,3,4.5,8,Yes
2,9,2,4,7,0.5,9.5,3,4,7,No
1,6,1,8,8,1,6,1,8,8,No
1,8,4,4,7,2,8,6,1,7,Yes
1,8,2,5,8,0.5,9,2,4.5,8,Yes
1.5,11.5,2,2,7,1,5,4,5,9,No
3,8,3,4,6,0,8,5,5,6,No
1,7,1,8,7,0.5,7,1,8.5,7,No
0,9,3,4,8,0,9,3,4,8,No
2.5,8,4,1.5,8,0.5,8,3,3.5,9,No
2,8,2,4,8,0.5,8,4,3.5,8,No
1,6,5,4,8,1,8,5,3,7,Yes
3,7.5,1.5,2,10,4,8,1,2,9,No
3,8,1,4,8,0,10,2,3,9,No
1,8,2,8,5,1,8,4,6,5,No
4,6,3,4,7,4,4,4,4,8,Yes
2,8,2,3,9,0,8,2,5,9,No
1,8,4,3,8,0,8,3,5,8,No
3,7,2,5,7,1,7,2,7,7,No
1,10,3,3,7,1,10,2,3,8,Yes
2,7,5,2,8,0,7,4,5,8,Yes
2,9,3,3,7,1,7,3,5,8,Yes
1,8,3,5,7,0.5,7,4,5.5,7,No
4,12,0,3,5,1,10,4,4,5,No
5,8,2,2,7,6,8,2,1,7,Yes
3,8,3,1,9,0,9,3,4,8,Yes
2,9,5,3,5,3,9,5,2,5,No
3,2,3,5,11,2,6,2,2,12,Yes
1,9,2,5,7,0.5,9,2.5,5,7,No
1,9,3,2,9,0.5,10,3,1.5,9,No
0.5,8.6,1,4,9.9,0,7.6,2,5,9.4,No
6,6,6,6,0,4,4,4,6,6,No
2,10,2,2,8,0,10,2,4,8,Yes
1,8,4,4,7,0.25,8,4,4.7,7,No
2,9,2,5,6,0,10,2,5,7,Yes
2,12,4,4,2,5,6,8,2,3,Yes
3,10,2,2,7,1,10,2,4,7,Yes
3,9,3,3,6,1,8,3,4,8,No
2,8,2,4,8,2,8,2,4,8,No
2,12,1,1,8,0,10,2,2,10,No
2,8,4,2,8,3,8,4,1,8,Yes
2.5,10,0,3.5,8,0,10,0,6,8,No
2,6,4,4,8,2,7,4,3,8,No
1,5,2,6,10,1,5,3,5,10,Yes
3,6,3,4,8,3,6,3,4,8,Yes
1.5,8.5,3,4,7,0,8,3,6,7,Yes
3.5,7,3.5,2,8,0.5,8,3,4.5,8,No
3,4,2,8,7,4,4,2,7,7,Yes
5,8,3,3,5,5,8,3,3,5,Yes
1,7,5,4,7,1,7,5,4,7,No
2,8,4,2,8,2,8,4,2,8,No
2,9,2,5,6,1,12,3,3,5,No
4,8,2,1,9,5,8,1,2,8,No
4,8.5,2.5,1,8,5,8,3,1,7,No
0.25,9.7,2,5,7,0.5,10,2,5,6.5,No
1,8,4,3,8,0,8,4,4,8,Yes
1,8,3,4,8,0,9,3,4,8,No
1,8,2,5,8,0,7,3,6,8,No
4,8,1,1,10,5,5,5,5,4,Yes
1.5,8.5,3,2,9,0,8.5,2,3.5,10,Yes
0.5,7.5,4,4,8,0,7.5,5,3.5,8,No
2.5,9,1.5,2,9,0.5,9,2,3.5,9,No
8,4,2,3,7,4,6,3,4,7,Yes
1,7.5,2,5,8.5,0,6,5,5,8,No
4,8,2,2,8,0.5,9,4.5,2,8,No
0.5,8,3,5,7.5,0,8,4,4.5,7.5,No
0,7,1,8,8,0,7,1,8,8,No
0.5,7,4,3.5,9,0.25,7,4,3.7,9,Yes
0,8,2,6,8,0,8,2,6,8,No
2,7,3,4,8,2,7,2,5,8,Yes
2,9,2,5,6,0.25,9.5,3,5.25,6,No
2,6,7,2,7,1,8,4,4,7,No
1,8,3,4,8,0,8,4,4,8,Yes
2,8,3,3,8,0,9,3,4,8,No
3,8,2,3,8,3,8,3,3,7,No
0.5,6.5,4,4,9,1,7,4,4,8,No
0.5,8,1,6.5,8,0.5,8,1.5,6,8,No
1.5,10,1,4,7.5,0.5,10,1,4,8.5,No
0.5,8,3,5,7.5,0,8,3,5.5,7.5,No
4,6,1.5,3.5,9,3,6,2,4,9,Yes
7,7.5,1,2,6.5,0,8,2,4,10,No
12,6,2,2,2,5,5,6,2,6,Yes
1.5,7.5,4,3,8,0.5,7.5,4,4,8,No
0.5,8,2,5.5,8,0,8,2,6,8,No
3,4,6,4,7,2,8,2,5,7,No
4,10,2,2,6,0,10,4,4,6,No
0.5,8.5,3,6,6,0,8.5,3,6.5,6,No
2,6,4,4,8,0,8,3,5,8,No
2,3,6,5,8,1,3,6,5,9,No
1,8,2,5,8,1,9,4,5,5,No
1.5,7.5,2,6,7,0,8,2,7,7,No
2,7.5,1,5.5,8,0,7.5,1,7.5,8,Yes
1,8,1,7,7,0,8,1,8,7,Yes
2,8,2,4,8,0,8,2,6,8,Yes
0.7,8,2,5.3,8,0,8.5,3,4.5,8,No
1.5,5,2,7.5,8,1,5,2,8,8,No
1.5,8,3.5,5,6,0.5,10,2.5,3,8,No
2,8,4,2,8,0.5,8,5.5,2,8,No
0.5,7,1,7.5,8,0,7,1,8,8,No
2,8,4,4,6,0.5,7,4.5,5,7,No
2,7.5,4.5,3,7,0.5,7.5,4.5,4,7.5,No
2.5,8,4.5,1,8,0.5,8,4.5,3,8,No
5,7,50,5,7,5,7,50,5,7,No
1.5,7.5,2,6,7,0,8.5,2,6.5,7,No
0.5,10,1,5,7.5,0.5,8,2,5.5,8,No
2,12,0,3,7,1,12,1,3,7,No
1,10,1,5,7,1,10,1,5,7,No
4,7.5,4,2,6.5,0,9,2.5,5,7.5,No
4,3,8,8,1,4,10,3,2,5,Yes
0.5,4,2,7.5,10,0.5,4,2,7.5,10,No
1,8,2,6,7,0,7,2,7,8,Yes
1.5,9.5,2,3,8,0.5,9.5,2,4,8,Yes
2,10,2,2,8,0,10,2,4,8,Yes
0,3,10,3,8,0,3,10,3,8,No
1,7.5,2.5,5,8,0.5,7.5,3,6,7,No
4,6,1,5,8,4,6,1,5,8,No
1,7,2,8,6,0.5,7,2,6,8.5,No
1,8,3,5,7,0,8,3,6,7,No
3,8,2,3,8,1,8,2,5,8,Yes
2,6,4,4,8,0,8,4,4,8,No
4,7,2,4,7,0,10,2,2,10,Yes
3,11,2,2,6,0,10,3,3,8,No
1,8,6,2,7,0,8,6,3,7,Yes
1,9,1,5,8,1,10,3,5,5,Yes
2,8,2,2,10,2,8,2,2,10,No
1.5,8,3,4,7.5,0.5,7.5,4,4,8,No
1,6,5,5,7,1,6,5,5,7,Yes
1,6,5,5,7,1,6,5,5,7,Yes
1,7,4,4,8,0.5,7.5,4,4,8,Yes
2,8,1,5,8,0,9,1,6,8,No
3,8,3,3,7,1,8,3,5,7,No
2,6,4,4,8,4,3,4,5,8,No
1,8,1,6,8,0.5,8,1,6.5,8,No
1,12,2,2,7,1,12,2,2,7,No
2.5,8,2,3.5,8,0,8,2,6,8,No
2.5,7,1,6.5,7,2.5,7,1,6.5,7,Yes
0,10,0,7,7,0,10,0,7,7,No
4,8,0,5,7,1,8,3,4,8,Yes
3,8,2,4,7,1,8,3,5,7,No
1,10,1,5,7,0.5,8.5,1,6.5,7.5,No
1,6,3,6,8,2,4,4,6,8,No
3,10,1,2,8,0.5,10,1.5,4,8,No
2.5,9.5,2.5,2,7.5,2,10.5,2.5,1.5,7.5,No
2,8,4,3,7,1,8,5,3,7,No
5,4,5,5,5,2,5,10,5,2,Yes
3,5,6,5,5,3,3,3,5,10,Yes
1.5,7,1.5,6,8,0,6,4,6,8,No
2,12,2,1,7,4,12,50,1,7,No
1,8,3,5,7,0.5,8,3,5.5,7,No
0.5,6,3.5,6,8,0,6,4,6,8,Yes
0.25,8,2,5.75,8,0,8.75,2,5.25,8,No
2,7,3,4,8,0,7,4,5,8,No
5,5,5,5,4,4,5,5,5,5,No
0,8,5,3,8,0.5,7.5,5,3,8,No
10,8,0,0,6,0.5,8,2.5,5,8,No
0.5,8,1,7,7.5,0,8,1,8,7,No
1,7,1,7,8,0,7,1,8,8,No
1,8,3,3,9,1,8,3,4,8,No
1,8,3,3,9,0.5,8,3,4.5,8,No
6,9,1.5,1.5,6,0.5,9,3.5,3,8,Yes
3,11,2,3,5,1,12,3,2,6,No
3.5,9.5,2,2,7,0.5,10.5,2,3,8,No
1,7,1,7,8,0,9,1,6,8,Yes
2,2,2,8,10,0,2,2,10,10,No
5,7.5,1.5,3,7,0,8,2,6,8,No
1,9.5,2,2,9.5,0,9.5,2,3,9.5,No
2,8,4,3,7,2,8,3,3,8,No
4,8,3,3,6,0,13,2,3,6,No
6,8,2,2,6,0,9,4,5,6,No
1,8,5,3,7,0.5,8,3,5.5,7,No
1.5,9,2,4,7.5,0.5,8,2,6,7.5,No
6,8,2,3,5,4,8,4,2,6,Yes
2,9,1,4,8,0,8,1,7,8,No
1,20,1,1,1,1,20,1,1,1,No
1,9,1,4,9,1,8,4,2,9,No
1.5,8,2.5,4,8,1,8,2,4,9,No
2,9,4,2,7,0,9,4,4,7,No
1,9,2,4,8,0,10,2,5,7,No
3,8,3,2,8,3,8,2,3,8,No
0.5,10,2.5,3,8,1,10,2,3,8,No
2,7,1,6,8,1,8,1,5,9,No
2,8,2,4,8,0.5,9,2,4.5,8,Yes
3,8,1,2,10,2.5,7.5,4,2,8,No
2,7,1,4,10,0,9,1,4,10,No
2.5,9,4.5,1,7,0,9.5,4.5,1,9,No
1,8,2,4,9,0.5,7.5,3,4,9,No
3,7,5,3,6,1,7,3,4,9,No
1,9,2,5,7,0,10,3,4,7,No
0,12,2,2,8,0,8,2,6,8,No
1,8,4,3,8,1,8,4,3,8,No
4,8,2,3,7,1,9,2,4,8,No
4,8,2,2,8,4,8,2,2,8,No
6,6,2,5,5,5,8,9,1,1,No
1.5,7.5,2,5,8,0.75,7.5,3,4.7,8,Yes
2,10,3,2,7,0,10,3,3,8,No
3,9,2,2,8,0,9,2,5,8,No
0.5,9,4,2.5,8,0.5,10,2.5,3,8,No
5,4,5,5,5,5,5,4,5,5,Yes
4,8,1,4,7,0.5,8,2,5.5,8,Yes
1.25,7.5,3,5,7.25,0,7.5,4,5.5,7,No
1,9,2,5,7,1,9,4,3,7,No
2,10,1,3,8,0.5,12,1.5,1,9,No
2,7,2,4,9,1,6,4,4,9,Yes
2.5,8,2.5,4,7,0.5,8,3,4.5,8,No
2,8,2,5,7,1,9,2,5,7,No
2,9,2,3,8,1,9,3,3,8,No
2,9,2,4,7,1,10,2,4,7,No
0,1,0,12.5,10.5,0,1,0,12.5,10.5,No
1.5,8,2,4.5,8,0,8,3,5,8,Yes
2,10,2,2,8,2,12,1,1,8,No
1,7,6,4,6,0,6,3,5,10,Yes
1,8,3,3,9,0,9,1,5,9,No
1,7,1,5,10,1,8,2,3,10,Yes
2,7.5,1.5,5.5,7.5,0.5,8.5,1.5,5.5,8,No
0.5,10,3,3.5,7,0,12,2.5,2.5,7,No
2,8,3,3,8,0,10,4,2,8,Yes
2.5,8,2,2.5,9,0.5,6,5,3,9.5,No
1,8,4,3,8,1,8,4,3,8,No
2,10,2,2,8,1,8,2,4,9,No
1,7,4,3,9,1,8,3,3,9,No
0,10,10,4,0,50,10,10,4,50,Yes
1,2,10,1,10,2,8,7,6,1,Yes
2,7,5,2,8,2,6,3,8,5,Yes
5,5,5,5,4,5,5,5,5,4,No
3,8,5,1,7,5,9,2,1,7,No
3,8.5,2,4,6.5,0.25,8.5,2,6.75,6.5,No
1,8,2,6,7,1,10,2,5,6,No
2,7,7,2,6,7,7,5,50,5,Yes
3,8.5,2,2.5,8,0.5,10,2,3.5,8,No
1,8,2,5,8,0,8,3,5,8,No
1.5,10,2,2,8.5,0,11,2,3,8,No
0.5,7.5,2,7,7,0,7,2,8,7,No
1.5,8,4,3.5,7,0.5,9,4,3.5,7,No
2,8,2,4,8,0,8,2,6,8,No
3,6,4,3,8,0,8,4,4,8,No
2,7,5,2,8,0.5,7.5,3,5,8,No
3,7,2,4,8,0,8,4,4,8,No
3,8,2,3,8,0,7,3,5,9,No
3,9,1,3,8,0,10,2,4,8,No
1,9,1,4,9,0,9,2,4,9,No
2,7,4,5,6,0,7,4,5,8,No
2,9,1,4,8,1.5,8,1,5.5,8,No
2,8,1.5,4.5,8,0.5,8,1.5,6,8,No
1,6,4,6,7,0.5,6.5,4,6,7,No
1,10,2,3,8,2,9,1,3,9,No
1.5,8,3,4,7.5,0,8,4,4,8,No
2,6,2,6,8,0,7,3,6,8,No
3,7,4,4,6,0.5,7,5,5.5,6,No
5,8,3,1,7,2,9,3,3,7,No
2.5,9,2,2.5,8,0.5,9,2,5.5,7,No
3,8,4,2,7,1,9,5,2,7,No
0,8,5,4,7,0,8,5,4,7,No
3,8.5,1,4,7.5,0,8.5,1,6.5,8,Yes
2,7,3,2,10,0,7,3.5,3.5,10,No
2,8,4,4,6,0,8,4,6,6,Yes
1,8,2,4,9,0,7,3,5,9,Yes
1,8,2,5,8,0,9,2,5,8,No
0,9,4,5,6,0,9,4,5,6,No
2,9,0,5,8,0.5,9,0,6.5,8,No
3.5,9,2,2.5,7,0.5,10.5,2,3,8,Yes
2.5,8,1,5,7.5,0.5,9.5,1,5,8,No
2,8,2,4,8,0.5,9,1.5,5,8,No
1,8,2,5,8,0.5,8,3,4.5,8,No
3,8,5,2,6,0,9,4,4,7,Yes
1.5,7.5,3,4,8,0.25,7.5,3,5.2,8,No
3,8,2,3,8,1,7.5,1,6,8.5,No
2,9,2,3,8,0,10,3,3,8,No
1,8,3,3,9,0,8,3,4,9,No
3,7.5,2,3.5,8,0.5,7.5,3,5,8,Yes
2,6,2,6,8,1,8,3,4,8,No
5,7,0,3,9,0.5,9,1,5,8.5,No
2,7,3,3,9,0,7,3,5,9,No
2.5,8.5,4,1,8,0.5,8.5,4,3,8,No
1,8,4,3,8,1,8,4,3,8,Yes
3.5,7.5,2,3,8,1,8,2,3,10,No
2,8,2,4,8,0,10,2,5,7,Yes
1.5,8.5,2,3,9,0,9.5,2,3,9.5,No
0.5,10,2.5,3,8,0.25,10,2,3.7,8,No
3,8,50,5,8,0,9,2,5,8,No
4,8,1,2,9,2,8,3,3,8,No
3.5,8.5,2,3,7,0.5,9,2,4.5,8,Yes
2,9,1,4,8,0.5,8,2,5.5,8,No
2,8.5,2,3.5,8,0.5,9,2,4.5,8,Yes
5,8.5,1,2.5,7,0.5,8.5,2,7,6,No
3,8,4,3,6,0,8,3,7,6,Yes
2.5,8.5,3,3,7,0,9,4,4,7,No
3,8,4,2,7,3,6,3,4,8,Yes
2,10,1.5,3,7.5,0,10,2.5,3.5,8,No
1,9,4.5,1.5,8,0,9,3,4,8,No
1.5,8.5,3,3,8,0.5,10,3,3,7.5,Yes
1.5,8,3,4,7.5,0.5,7.5,4,4,8,No
2,8,4,4,6,2,8,4,4,6,Yes
5,5,5,5,4,5,5,5,5,4,Yes
2,7,3,4,8,0.5,7,3,5.5,8,No
1,6,5,5,7,2,6,4,4,8,No
1,7,0,4,12,0,7,0,5,12,No
1,8,4,3,8,0.5,8,1.5,5,9,No
1,8,2,4,9,1,8,3,4,8,Yes
2,4,2,4,12,2,4,2,4,12,No
3.5,8,3,1.5,8,0,8,4,4,8,No
3,9,2,3,7,3,9,2,3,7,No
2.5,7.5,3,3,8,0.5,8.5,2,5,8,No
2,7,2,5,8,1,7,2,5,9,Yes
1,8,3,5,7,1,10,4,3,6,Yes
4,7.5,2.5,2,8,1,9,3,3,8,No
1,8,2,7,6,1,9,2,6,6,No
0.2,12,2,2,7.8,0,10,3,4,7,No
2,7.5,1.5,6,7,0,7.5,4,5,7.5,No
4,9,1,4,6,0.5,9.5,3,4,7,No
1,9,2,5,7,0.25,9.5,2,5.25,7,No
2,8,2,4,8,1,8,3,4,8,No
1,10,1,5,7,0,12,1,4,7,No
2,8,3,4,7,0,8,3,5,8,Yes
2,8,3,2,9,0,9,3,3,9,No
5,3,9,6,1,5,6,8,3,2,Yes
1,5,4,5,9,1,3,3,8,9,No
1,8,4,4,7,1,8,4,4,7,Yes
1.5,7,1,5.5,9,0.5,7,2,5.5,9,No
1,8,3,2,10,50,9,3,2,10,No
3,3,1,9,8,0,3,1,12,8,No
10,5,3,6,0,6,6,0,6,6,Yes
1.25,8,4,2.75,8,0,8.5,4,3.5,8,No
5,8,4,0,7,1,8,3,4,8,Yes
2,8,3,4,7,3,8,3,3,7,No
1,9,3,3,8,0.5,10,2.5,2,9,Yes
6,8,1,5,4,1,3,5,6,9,Yes
4,8.5,3,0.5,8,1,8.5,3.5,2,9,No
3,8,3,2,8,0.5,8,3,4.5,8,No
4,7,2,4,7,4,7,2,4,7,Yes
6,4,6,1,7,2,6,5,7,4,No
0.5,8.5,2,5,8,0,8,1,6,9,No
4,8,2,2,8,0,8,4,4,8,No
3,6,3,6,6,3,6,3,6,6,No
0.5,8,2,6.5,7,0.5,5,2,9.5,7,No
0.2,8,0,5.8,10,0.2,8,0,5.8,10,No
2,2,4,8,8,4,6,6,2,6,Yes
1.5,8,3,4.5,7,0,8,4,5,7,No
2,8,4,2,8,2,8,3,3,8,No
2,8,6,4,4,1,8,7,2,6,Yes
2,10,3,2,7,50,10,2,4,8,Yes
2,9,3,2,8,0,8,4,3,9,No
0.5,8,3,6.5,6,0,9,3,6,6,No
1,8,3,5,7,1,8,3,5,7,No
2.5,10,1,2.5,8,0,13,1,3,7,No
2,8,3,3,8,0,8,4,4,8,Yes
1,11,2,2,8,0,12,2,2,8,No
1,1,1,1,20,50,24,50,50,50,No
1,10,2,4,7,1,10,2,4,7,No
1,8,4,3,8,0,8,5,3,8,Yes
2,9,2,4,7,0,10,3,4,7,No
2,8,4,3,7,3,8,3,3,7,Yes
3,10,2,2,7,1,8,3,4,8,No
3,7,4,2,8,1,7,4,4,8,Yes
1,7,4,4,8,0.5,7,4,4.5,8,No
1,8,4,3,8,0,8,5,3,8,Yes
